id,title,description,availability,inventory,condition,price,link,image_link,brand,google_product_category,sale_price,sale_price_effective_date,item_group_id,gender,color,size,age_group,material,pattern,product_type,shipping,shipping_weight
28,"Muestra 14&#039; 28&quot;","Descripcion de muestra ","in stock",10,new,"500 PEN",woki-multivendor/detalle-producto.php?code_prod=28,woki-multivendor/assets/img/../assets/img/Image-03-05-20-to-2-39-20-03.png,Qhatu,,precio_oferta_producto,,,,,,,,,,,
24,"Gucci Print Belt Bag Vintage Logo Medium (37 - 47 in.) Black","Gucci Print Belt Bag Vintage Logo Medium (37 - 47 in.) Black","in stock",1,new,"2900 PEN",woki-multivendor/detalle-producto.php?code_prod=24,woki-multivendor/assets/img/../assets/img/Image-15-04-20-to-8-21-461.jpg,Qhatu,,precio_oferta_producto,,,,,,,,,,,
22,"Louis Vuitton x Supreme Danube Epi PM Red","The Louis Vuitton x Supreme Danube PM in water resistant Epi leather has the iconic shape of the classic Louis Vuitton Danube with all the style Supreme has to offer.","in stock",1,new,"15000 PEN",woki-multivendor/detalle-producto.php?code_prod=22,woki-multivendor/assets/img/../assets/img/Image-15-04-20-to-8-13-021.jpg,Qhatu,,precio_oferta_producto,,,,,,,,,,,
20,"Louis Vuitton x Supreme iPhone 7 Plus Folio Epi Red","This authentic Louis Vuitton x Supreme iPhone 7 Folio Epi Red is a stylish case is finely crafted of red epi leather and features the Supreme logo in white and is styled after the iconic Louis Vuitton trunk with the flair of Supreme.","in stock",1,new,"3877.5 PEN",woki-multivendor/detalle-producto.php?code_prod=20,woki-multivendor/assets/img/../assets/img/Image-15-04-20-to-8-04-471.jpg,Qhatu,,precio_oferta_producto,,,,,,,,,,,
19,"Louis Vuitton x Supreme Christopher Backpack Epi PM Red","The Louis Vuitton x Supreme Christopher backpack in red is a structured bag dripping in style","in stock",1,new,"38610 PEN",woki-multivendor/detalle-producto.php?code_prod=19,woki-multivendor/assets/img/../assets/img/Image-15-04-20-to-7-51-521.jpg,Qhatu,,precio_oferta_producto,,,,,,,,,,,
17,"Supreme Logo Zippo Red","Staying true to their annual tradition of releasing Zippo lighters, this Supreme Logo Zippo","in stock",4,new,"330 PEN",woki-multivendor/detalle-producto.php?code_prod=17,woki-multivendor/assets/img/../assets/img/Image-15-04-20-to-7-42-411.jpg,Qhatu,,precio_oferta_producto,,,,,,,,,,,
12,"Casaca Adidas","casaca azul","in stock",1,new,"250 PEN",woki-multivendor/detalle-producto.php?code_prod=12,woki-multivendor/assets/img/../assets/img/Image-13-04-20-to-1-24-53O4.jpeg,Qhatu,,precio_oferta_producto,,,,,,,,,,,
1,"Polo adidas","Polo 100% algodon de la mejor calidad y con la mejor marca","in stock",20,new,"120 PEN",woki-multivendor/detalle-producto.php?code_prod=1,woki-multivendor/assets/img/../assets/img/Image-13-04-20-to-12-42-59LO1.jpg,Qhatu,,precio_oferta_producto,,,,,,,,,,,
2,"Polo adidas","polo verde","in stock",20,new,"160 PEN",woki-multivendor/detalle-producto.php?code_prod=2,woki-multivendor/assets/img/../assets/img/Image-13-04-20-to-12-44-05O2.jpeg,Qhatu,,precio_oferta_producto,,,,,,,,,,,
4,"Polo adidas","polo blanco","in stock",20,new,"120 PEN",woki-multivendor/detalle-producto.php?code_prod=4,woki-multivendor/assets/img/../assets/img/Image-13-04-20-to-12-45-41LO3.jpg,Qhatu,,precio_oferta_producto,,,,,,,,,,,
6,"Yeezy Boost 350 V2 &ldquo;Cinder&rdquo;","One morning, when Gregor Samsa woke from troubled dreams, he found himself transformed in his bed into a horrible vermin. The bedding was hardly able to cover it and seemed ready to slide off any moment.","in stock",20,new,"900 PEN",woki-multivendor/detalle-producto.php?code_prod=6,woki-multivendor/assets/img/../assets/img/Image-13-04-20-to-1-24-044.jpg,Qhatu,,precio_oferta_producto,,,,,,,,,,,
8,"Adidas Yeezy Boost 350V2 Zebra White Core Black","zapatilla blanca","in stock",20,new,"1800 PEN",woki-multivendor/detalle-producto.php?code_prod=8,woki-multivendor/assets/img/../assets/img/Image-13-04-20-to-1-19-163.jpg,Qhatu,,precio_oferta_producto,,,,,,,,,,,
10,"Travis Scott x Air Jordan 1 High OG","One morning, when Gregor Samsa woke from troubled dreams, he found himself transformed in his bed into a horrible vermin.","in stock",20,new,"3900 PEN",woki-multivendor/detalle-producto.php?code_prod=10,woki-multivendor/assets/img/../assets/img/Image-13-04-20-to-1-16-382.jpg,Qhatu,,precio_oferta_producto,,,,,,,,,,,
11,"Polo con cuello","polo con diseño","in stock",1,new,"75 PEN",woki-multivendor/detalle-producto.php?code_prod=11,woki-multivendor/assets/img/../assets/img/Image-13-04-20-to-1-23-45LO2.jpg,Qhatu,,precio_oferta_producto,,,,,,,,,,,
13,"Travis Scott x Air Jordan 4 Houston Oilers Shoes","Zapatillas Azules ","in stock",1,new,"2700 PEN",woki-multivendor/detalle-producto.php?code_prod=13,woki-multivendor/assets/img/../assets/img/Image-13-04-20-to-1-12-561.jpg,Qhatu,,precio_oferta_producto,,,,,,,,,,,
14,"Nike Yeezy Red October","Zapatillas rosadas","in stock",1,new,"7000 PEN",woki-multivendor/detalle-producto.php?code_prod=14,woki-multivendor/assets/img/../assets/img/Image-13-04-20-to-1-27-29OE2.jpg,Qhatu,,precio_oferta_producto,,,,,,,,,,,
15,"Air Jordan 1 &ldquo;Off-White - Chicago&rdquo;","The verdict is in: The OFF-WHITE x Air Jordan 1 by Virgil Abloh is the sneaker of the year for 2017. The shoe absolutely everybody wants but few can get, the sneaker world has not seen a force like the Virgil Abloh Air Jordan 1 from “THE TEN” collection in a long time, if ever. Based off the original “Chicago” Air Jordan 1, the shoe features details that coincide with the rest of the ten models by Abloh like exposed foam, stitched on Swooshes, and the signature red zip tie. Sure to go down as one of the most hyped and coveted sneakers of all time, grab your piece of sneaker history now before they’re all gone.","in stock",1,new,"14000 PEN",woki-multivendor/detalle-producto.php?code_prod=15,woki-multivendor/assets/img/../assets/img/Image-13-04-20-to-2-27-405.jpg,Qhatu,,precio_oferta_producto,,,,,,,,,,,
16,"Nike Air Max 90 BT PS &ldquo;Off-White - Desert Ore&rdquo;","The Off-White x Nike Air Max 90 BT “Desert Ore” is the toddler sizing for the coveted collaboration by Virgil Abloh and Nike. Mirroring the look of the men’s release, the baby-sized Air Max 90 receives a Desert Ore shade across the deconstructed upper and sole unit. The tonal tan upper is accented with neon orange Swooshes and green tabs, as well as a miniature version of the signature Off-White zip tie in light blue. The Off-White x Nike Air Max 90 BT “Desert Ore” for babies released in February 2019.","in stock",1,new,"1400 PEN",woki-multivendor/detalle-producto.php?code_prod=16,woki-multivendor/assets/img/../assets/img/Image-13-04-20-to-3-41-176.jpg,Qhatu,,precio_oferta_producto,,,,,,,,,,,
18,"Louis Vuitton x Supreme Initiales Belt 40 MM Monogram Red","This stunning authentic Louis Vuitton x Supreme Initiales Belt 40 MM Monogram Red belt is made of Louis Vuitton monogram coated canvas with Supreme logos and a leather backside.","in stock",1,new,"9372 PEN",woki-multivendor/detalle-producto.php?code_prod=18,woki-multivendor/assets/img/../assets/img/Image-15-04-20-to-7-45-531.jpg,Qhatu,,precio_oferta_producto,,,,,,,,,,,
21,"Louis Vuitton x Supreme Keepall Bandouliere Epi 45 Red","The Louis Vuitton x Supreme Keepall Bandouliere 45 features Supreme’s signature logo in white Futura Heavy Oblique font on classic Louis Vuitton Epi leather.","in stock",1,new,"33000 PEN",woki-multivendor/detalle-producto.php?code_prod=21,woki-multivendor/assets/img/../assets/img/Image-15-04-20-to-8-08-031.jpg,Qhatu,,precio_oferta_producto,,,,,,,,,,,
23,"Louis Vuitton x Supreme Danube Epi PPM Red","The Louis Vuitton x Supreme Danube PPM in water resistant Epi leather is smaller than the PM but still holds the iconic shape of the classic Louis Vuitton Danube.","in stock",1,new,"17000 PEN",woki-multivendor/detalle-producto.php?code_prod=23,woki-multivendor/assets/img/../assets/img/Image-15-04-20-to-8-15-201.jpg,Qhatu,,precio_oferta_producto,,,,,,,,,,,
25,"Gucci Print Belt Bag Vintage Logo Small White","Gucci Print Belt Bag Vintage Logo Small White","in stock",1,new,"2900 PEN",woki-multivendor/detalle-producto.php?code_prod=25,woki-multivendor/assets/img/../assets/img/Image-15-04-20-to-8-25-08opy.jpg,Qhatu,,precio_oferta_producto,,,,,,,,,,,
26,"Gucci Ace Embroidered Snake","Gucci Ace Embroidered Snake","in stock",1,new,"1600 PEN",woki-multivendor/detalle-producto.php?code_prod=26,woki-multivendor/assets/img/../assets/img/Image-15-04-20-to-8-44-43opy.jpg,Qhatu,,precio_oferta_producto,,,,,,,,,,,
27,"Gucci Ace Embroidered","Gucci Ace Embroidered","in stock",1,new,"1600 PEN",woki-multivendor/detalle-producto.php?code_prod=27,woki-multivendor/assets/img/../assets/img/Image-15-04-20-to-8-46-091.jpg,Qhatu,,precio_oferta_producto,,,,,,,,,,,
